--------------------------------------------------------
--  파일이 생성됨 - 금요일-3월-05-2021   
--------------------------------------------------------
--------------------------------------------------------
--  DDL for Sequence BOARD_CMT_SEQ
--------------------------------------------------------

   CREATE SEQUENCE  "PET"."BOARD_CMT_SEQ"  MINVALUE 1 MAXVALUE 9999999999999999999999999999 INCREMENT BY 1 START WITH 20 NOCACHE  NOORDER  NOCYCLE ;
--------------------------------------------------------
--  DDL for Sequence BOARD_SEQ
--------------------------------------------------------

   CREATE SEQUENCE  "PET"."BOARD_SEQ"  MINVALUE 1 MAXVALUE 9999999999999999999999999999 INCREMENT BY 1 START WITH 27 NOCACHE  NOORDER  NOCYCLE ;
--------------------------------------------------------
--  DDL for Sequence CART_SEQ
--------------------------------------------------------

   CREATE SEQUENCE  "PET"."CART_SEQ"  MINVALUE 1 MAXVALUE 9999999999999999999999999999 INCREMENT BY 1 START WITH 15 NOCACHE  NOORDER  NOCYCLE ;
--------------------------------------------------------
--  DDL for Sequence CATGO_SEQ
--------------------------------------------------------

   CREATE SEQUENCE  "PET"."CATGO_SEQ"  MINVALUE 1 MAXVALUE 9999999999999999999999999999 INCREMENT BY 1 START WITH 1 NOCACHE  NOORDER  NOCYCLE ;
--------------------------------------------------------
--  DDL for Sequence MEMBER_SEQ
--------------------------------------------------------

   CREATE SEQUENCE  "PET"."MEMBER_SEQ"  MINVALUE 1 MAXVALUE 9999999999999999999999999999 INCREMENT BY 1 START WITH 7 NOCACHE  NOORDER  NOCYCLE ;
--------------------------------------------------------
--  DDL for Sequence MSG_SEQ
--------------------------------------------------------

   CREATE SEQUENCE  "PET"."MSG_SEQ"  MINVALUE 1 MAXVALUE 9999999999999999999999999999 INCREMENT BY 1 START WITH 1 NOCACHE  NOORDER  NOCYCLE ;
--------------------------------------------------------
--  DDL for Sequence ORDERLIST_SEQ
--------------------------------------------------------

   CREATE SEQUENCE  "PET"."ORDERLIST_SEQ"  MINVALUE 1 MAXVALUE 9999999999999999999999999999 INCREMENT BY 1 START WITH 10 NOCACHE  NOORDER  NOCYCLE ;
--------------------------------------------------------
--  DDL for Sequence PAY_SEQ
--------------------------------------------------------

   CREATE SEQUENCE  "PET"."PAY_SEQ"  MINVALUE 1 MAXVALUE 9999999999999999999999999999 INCREMENT BY 1 START WITH 17 NOCACHE  NOORDER  NOCYCLE ;
--------------------------------------------------------
--  DDL for Sequence PRODUCT_PIC_SEQ
--------------------------------------------------------

   CREATE SEQUENCE  "PET"."PRODUCT_PIC_SEQ"  MINVALUE 1 MAXVALUE 9999999999999999999999999999 INCREMENT BY 1 START WITH 1 NOCACHE  NOORDER  NOCYCLE ;
--------------------------------------------------------
--  DDL for Sequence PRODUCT_SEQ
--------------------------------------------------------

   CREATE SEQUENCE  "PET"."PRODUCT_SEQ"  MINVALUE 1 MAXVALUE 9999999999999999999999999999 INCREMENT BY 1 START WITH 19 NOCACHE  NOORDER  NOCYCLE ;
--------------------------------------------------------
--  DDL for Sequence REVIEW_SEQ
--------------------------------------------------------

   CREATE SEQUENCE  "PET"."REVIEW_SEQ"  MINVALUE 1 MAXVALUE 9999999999999999999999999999 INCREMENT BY 1 START WITH 2 NOCACHE  NOORDER  NOCYCLE ;
--------------------------------------------------------
--  DDL for Sequence WALK_CMT_SEQ
--------------------------------------------------------

   CREATE SEQUENCE  "PET"."WALK_CMT_SEQ"  MINVALUE 1 MAXVALUE 9999999999999999999999999999 INCREMENT BY 1 START WITH 48 NOCACHE  NOORDER  NOCYCLE ;
--------------------------------------------------------
--  DDL for Sequence WALK_SEQ
--------------------------------------------------------

   CREATE SEQUENCE  "PET"."WALK_SEQ"  MINVALUE 1 MAXVALUE 9999999999999999999999999999 INCREMENT BY 1 START WITH 12 NOCACHE  NOORDER  NOCYCLE ;
--------------------------------------------------------
--  DDL for Table BOARD
--------------------------------------------------------

  CREATE TABLE "PET"."BOARD" 
   (	"POST_IDX" NUMBER, 
	"BOARD_IDX" NUMBER, 
	"MEMBER_NUMBER" NUMBER(6,0), 
	"POST_WRITER" VARCHAR2(20 BYTE), 
	"POST_SUBJECT" VARCHAR2(40 BYTE), 
	"POST_CONTENT" VARCHAR2(3000 BYTE), 
	"POST_DATE" DATE, 
	"POST_COUNT" NUMBER, 
	"POST_LIKE" NUMBER, 
	"CONTENT" CLOB, 
	"POST_NO" NUMBER, 
	"POST_ORDER" NUMBER, 
	"POST_DEPTH" NUMBER
   ) SEGMENT CREATION IMMEDIATE 
  PCTFREE 10 PCTUSED 40 INITRANS 1 MAXTRANS 255 NOCOMPRESS LOGGING
  STORAGE(INITIAL 65536 NEXT 1048576 MINEXTENTS 1 MAXEXTENTS 2147483645
  PCTINCREASE 0 FREELISTS 1 FREELIST GROUPS 1 BUFFER_POOL DEFAULT FLASH_CACHE DEFAULT CELL_FLASH_CACHE DEFAULT)
  TABLESPACE "USERS" 
 LOB ("CONTENT") STORE AS BASICFILE (
  TABLESPACE "USERS" ENABLE STORAGE IN ROW CHUNK 8192 RETENTION 
  NOCACHE LOGGING 
  STORAGE(INITIAL 65536 NEXT 1048576 MINEXTENTS 1 MAXEXTENTS 2147483645
  PCTINCREASE 0 FREELISTS 1 FREELIST GROUPS 1 BUFFER_POOL DEFAULT FLASH_CACHE DEFAULT CELL_FLASH_CACHE DEFAULT)) ;
--------------------------------------------------------
--  DDL for Table BOARD_CMT
--------------------------------------------------------

  CREATE TABLE "PET"."BOARD_CMT" 
   (	"COMMENT_IDX" NUMBER, 
	"POST_IDX" NUMBER, 
	"BOARD_IDX" NUMBER, 
	"MEMBER_NUMBER" NUMBER(6,0), 
	"CMT_CONTENT" VARCHAR2(1000 BYTE), 
	"CMT_WRITER" VARCHAR2(20 BYTE), 
	"CMT_DATE" DATE, 
	"CONTENT" CLOB
   ) SEGMENT CREATION IMMEDIATE 
  PCTFREE 10 PCTUSED 40 INITRANS 1 MAXTRANS 255 NOCOMPRESS LOGGING
  STORAGE(INITIAL 65536 NEXT 1048576 MINEXTENTS 1 MAXEXTENTS 2147483645
  PCTINCREASE 0 FREELISTS 1 FREELIST GROUPS 1 BUFFER_POOL DEFAULT FLASH_CACHE DEFAULT CELL_FLASH_CACHE DEFAULT)
  TABLESPACE "USERS" 
 LOB ("CONTENT") STORE AS BASICFILE (
  TABLESPACE "USERS" ENABLE STORAGE IN ROW CHUNK 8192 RETENTION 
  NOCACHE LOGGING 
  STORAGE(INITIAL 65536 NEXT 1048576 MINEXTENTS 1 MAXEXTENTS 2147483645
  PCTINCREASE 0 FREELISTS 1 FREELIST GROUPS 1 BUFFER_POOL DEFAULT FLASH_CACHE DEFAULT CELL_FLASH_CACHE DEFAULT)) ;
--------------------------------------------------------
--  DDL for Table BOARD_PIC
--------------------------------------------------------

  CREATE TABLE "PET"."BOARD_PIC" 
   (	"POST_IDX" NUMBER, 
	"BOARD_IDX" NUMBER, 
	"BOARD_PIC_FNAME" VARCHAR2(300 BYTE), 
	"BOARD_PIC_OFNAME" VARCHAR2(300 BYTE), 
	"BOARD_PIC_FSIZE" NUMBER
   ) SEGMENT CREATION DEFERRED 
  PCTFREE 10 PCTUSED 40 INITRANS 1 MAXTRANS 255 NOCOMPRESS LOGGING
  TABLESPACE "USERS" ;
--------------------------------------------------------
--  DDL for Table BOARD_SEP
--------------------------------------------------------

  CREATE TABLE "PET"."BOARD_SEP" 
   (	"BOARD_IDX" NUMBER, 
	"BOARD_NAME" VARCHAR2(30 BYTE)
   ) SEGMENT CREATION IMMEDIATE 
  PCTFREE 10 PCTUSED 40 INITRANS 1 MAXTRANS 255 NOCOMPRESS LOGGING
  STORAGE(INITIAL 65536 NEXT 1048576 MINEXTENTS 1 MAXEXTENTS 2147483645
  PCTINCREASE 0 FREELISTS 1 FREELIST GROUPS 1 BUFFER_POOL DEFAULT FLASH_CACHE DEFAULT CELL_FLASH_CACHE DEFAULT)
  TABLESPACE "USERS" ;
--------------------------------------------------------
--  DDL for Table CART
--------------------------------------------------------

  CREATE TABLE "PET"."CART" 
   (	"CART_CODE" NUMBER, 
	"PRODUCT_CODE" NUMBER, 
	"MEMBER_NUMBER" NUMBER(6,0), 
	"CART_QTY" NUMBER, 
	"CART_DATE" VARCHAR2(20 BYTE)
   ) SEGMENT CREATION IMMEDIATE 
  PCTFREE 10 PCTUSED 40 INITRANS 1 MAXTRANS 255 NOCOMPRESS LOGGING
  STORAGE(INITIAL 65536 NEXT 1048576 MINEXTENTS 1 MAXEXTENTS 2147483645
  PCTINCREASE 0 FREELISTS 1 FREELIST GROUPS 1 BUFFER_POOL DEFAULT FLASH_CACHE DEFAULT CELL_FLASH_CACHE DEFAULT)
  TABLESPACE "USERS" ;
--------------------------------------------------------
--  DDL for Table CATGO
--------------------------------------------------------

  CREATE TABLE "PET"."CATGO" 
   (	"CATGO_CODE" NUMBER, 
	"CATGO_NAME" VARCHAR2(20 BYTE)
   ) SEGMENT CREATION IMMEDIATE 
  PCTFREE 10 PCTUSED 40 INITRANS 1 MAXTRANS 255 NOCOMPRESS LOGGING
  STORAGE(INITIAL 65536 NEXT 1048576 MINEXTENTS 1 MAXEXTENTS 2147483645
  PCTINCREASE 0 FREELISTS 1 FREELIST GROUPS 1 BUFFER_POOL DEFAULT FLASH_CACHE DEFAULT CELL_FLASH_CACHE DEFAULT)
  TABLESPACE "USERS" ;
--------------------------------------------------------
--  DDL for Table FOLLOW
--------------------------------------------------------

  CREATE TABLE "PET"."FOLLOW" 
   (	"MEMBER_NUMBER" NUMBER(6,0), 
	"FOLLOW_NUMBER" NUMBER(6,0), 
	"FOLLOW_TYPE" VARCHAR2(10 BYTE)
   ) SEGMENT CREATION IMMEDIATE 
  PCTFREE 10 PCTUSED 40 INITRANS 1 MAXTRANS 255 NOCOMPRESS LOGGING
  STORAGE(INITIAL 65536 NEXT 1048576 MINEXTENTS 1 MAXEXTENTS 2147483645
  PCTINCREASE 0 FREELISTS 1 FREELIST GROUPS 1 BUFFER_POOL DEFAULT FLASH_CACHE DEFAULT CELL_FLASH_CACHE DEFAULT)
  TABLESPACE "USERS" ;
--------------------------------------------------------
--  DDL for Table LIKELIST
--------------------------------------------------------

  CREATE TABLE "PET"."LIKELIST" 
   (	"MEMBER_NUMBER" NUMBER(6,0), 
	"PRODUCT_CODE" NUMBER
   ) SEGMENT CREATION IMMEDIATE 
  PCTFREE 10 PCTUSED 40 INITRANS 1 MAXTRANS 255 NOCOMPRESS LOGGING
  STORAGE(INITIAL 65536 NEXT 1048576 MINEXTENTS 1 MAXEXTENTS 2147483645
  PCTINCREASE 0 FREELISTS 1 FREELIST GROUPS 1 BUFFER_POOL DEFAULT FLASH_CACHE DEFAULT CELL_FLASH_CACHE DEFAULT)
  TABLESPACE "USERS" ;
--------------------------------------------------------
--  DDL for Table MEMBER
--------------------------------------------------------

  CREATE TABLE "PET"."MEMBER" 
   (	"MEMBER_NUMBER" NUMBER(6,0), 
	"MEMBER_EMAIL" VARCHAR2(50 BYTE), 
	"MEMBER_PASSWORD" VARCHAR2(100 BYTE), 
	"MEMBER_NAME" VARCHAR2(20 BYTE), 
	"MEMBER_ADDRESS" VARCHAR2(100 BYTE), 
	"MEMBER_DATE" DATE DEFAULT SYSDATE
   ) SEGMENT CREATION IMMEDIATE 
  PCTFREE 10 PCTUSED 40 INITRANS 1 MAXTRANS 255 NOCOMPRESS LOGGING
  STORAGE(INITIAL 65536 NEXT 1048576 MINEXTENTS 1 MAXEXTENTS 2147483645
  PCTINCREASE 0 FREELISTS 1 FREELIST GROUPS 1 BUFFER_POOL DEFAULT FLASH_CACHE DEFAULT CELL_FLASH_CACHE DEFAULT)
  TABLESPACE "USERS" ;
--------------------------------------------------------
--  DDL for Table MESSAGE
--------------------------------------------------------

  CREATE TABLE "PET"."MESSAGE" 
   (	"MSG_IDX" NUMBER, 
	"MEMBER_NUMBER" NUMBER, 
	"SENDER_NUMBER" NUMBER, 
	"MSG_CONTENT" VARCHAR2(3000 BYTE), 
	"OPENDATE" DATE, 
	"SENDDATE" DATE
   ) SEGMENT CREATION DEFERRED 
  PCTFREE 10 PCTUSED 40 INITRANS 1 MAXTRANS 255 NOCOMPRESS LOGGING
  TABLESPACE "USERS" ;
--------------------------------------------------------
--  DDL for Table ORDERLIST
--------------------------------------------------------

  CREATE TABLE "PET"."ORDERLIST" 
   (	"ORDER_CODE" NUMBER, 
	"MEMBER_NUMBER" NUMBER(6,0), 
	"PRODUCT_CODE" NUMBER
   ) SEGMENT CREATION IMMEDIATE 
  PCTFREE 10 PCTUSED 40 INITRANS 1 MAXTRANS 255 NOCOMPRESS LOGGING
  STORAGE(INITIAL 65536 NEXT 1048576 MINEXTENTS 1 MAXEXTENTS 2147483645
  PCTINCREASE 0 FREELISTS 1 FREELIST GROUPS 1 BUFFER_POOL DEFAULT FLASH_CACHE DEFAULT CELL_FLASH_CACHE DEFAULT)
  TABLESPACE "USERS" ;
--------------------------------------------------------
--  DDL for Table PAY
--------------------------------------------------------

  CREATE TABLE "PET"."PAY" 
   (	"PAY_NUMBER" NUMBER, 
	"ORDER_CODE" NUMBER, 
	"PAY_DATE" DATE, 
	"PAY_TOTALPAY" VARCHAR2(20 BYTE), 
	"PAY_METHOD" VARCHAR2(30 BYTE), 
	"PAY_BANK" VARCHAR2(30 BYTE), 
	"PAY_ADDRESS" VARCHAR2(30 BYTE), 
	"PAY_STATUS" VARCHAR2(10 BYTE)
   ) SEGMENT CREATION IMMEDIATE 
  PCTFREE 10 PCTUSED 40 INITRANS 1 MAXTRANS 255 NOCOMPRESS LOGGING
  STORAGE(INITIAL 65536 NEXT 1048576 MINEXTENTS 1 MAXEXTENTS 2147483645
  PCTINCREASE 0 FREELISTS 1 FREELIST GROUPS 1 BUFFER_POOL DEFAULT FLASH_CACHE DEFAULT CELL_FLASH_CACHE DEFAULT)
  TABLESPACE "USERS" ;
--------------------------------------------------------
--  DDL for Table PET_MYPAGE
--------------------------------------------------------

  CREATE TABLE "PET"."PET_MYPAGE" 
   (	"MEMBER_NUMBER" NUMBER(6,0), 
	"PET_NAME" VARCHAR2(20 BYTE), 
	"PET_SEX" VARCHAR2(20 BYTE), 
	"PET_AGE" DATE, 
	"PET_WALKAREA" VARCHAR2(50 BYTE), 
	"PET_WALKPOINT" NUMBER, 
	"PET_FNAME" VARCHAR2(300 BYTE), 
	"PET_OFNAME" VARCHAR2(300 BYTE), 
	"PET_FSIZE" NUMBER
   ) SEGMENT CREATION IMMEDIATE 
  PCTFREE 10 PCTUSED 40 INITRANS 1 MAXTRANS 255 NOCOMPRESS LOGGING
  STORAGE(INITIAL 65536 NEXT 1048576 MINEXTENTS 1 MAXEXTENTS 2147483645
  PCTINCREASE 0 FREELISTS 1 FREELIST GROUPS 1 BUFFER_POOL DEFAULT FLASH_CACHE DEFAULT CELL_FLASH_CACHE DEFAULT)
  TABLESPACE "USERS" ;
--------------------------------------------------------
--  DDL for Table PRODUCT
--------------------------------------------------------

  CREATE TABLE "PET"."PRODUCT" 
   (	"PRODUCT_CODE" NUMBER, 
	"CATGO_CODE" NUMBER, 
	"PRODUCT_NAME" VARCHAR2(50 BYTE), 
	"PRODUCT_PRICE" NUMBER, 
	"PRODUCT_CONTENT" VARCHAR2(500 BYTE), 
	"PRODUCT_TAG" VARCHAR2(100 BYTE), 
	"PRODUCT_DATE" DATE, 
	"PRODUCT_LIKE" NUMBER, 
	"PRODUCT_IMAGE" VARCHAR2(500 BYTE), 
	"REVIEW_NUMBER" NUMBER
   ) SEGMENT CREATION IMMEDIATE 
  PCTFREE 10 PCTUSED 40 INITRANS 1 MAXTRANS 255 NOCOMPRESS LOGGING
  STORAGE(INITIAL 65536 NEXT 1048576 MINEXTENTS 1 MAXEXTENTS 2147483645
  PCTINCREASE 0 FREELISTS 1 FREELIST GROUPS 1 BUFFER_POOL DEFAULT FLASH_CACHE DEFAULT CELL_FLASH_CACHE DEFAULT)
  TABLESPACE "USERS" ;
--------------------------------------------------------
--  DDL for Table PRODUCT_OPTION
--------------------------------------------------------

  CREATE TABLE "PET"."PRODUCT_OPTION" 
   (	"PRODUCT_CODE" NUMBER, 
	"PRODUCT_AMOUNT" NUMBER, 
	"PRODUCT_SIZE" VARCHAR2(30 BYTE)
   ) SEGMENT CREATION IMMEDIATE 
  PCTFREE 10 PCTUSED 40 INITRANS 1 MAXTRANS 255 NOCOMPRESS LOGGING
  STORAGE(INITIAL 65536 NEXT 1048576 MINEXTENTS 1 MAXEXTENTS 2147483645
  PCTINCREASE 0 FREELISTS 1 FREELIST GROUPS 1 BUFFER_POOL DEFAULT FLASH_CACHE DEFAULT CELL_FLASH_CACHE DEFAULT)
  TABLESPACE "USERS" ;
--------------------------------------------------------
--  DDL for Table PRODUCT_PIC
--------------------------------------------------------

  CREATE TABLE "PET"."PRODUCT_PIC" 
   (	"PRODUCT_IDX" NUMBER, 
	"PRODUCT_CODE" NUMBER, 
	"PRODUCT_PIC_FNAME" VARCHAR2(300 BYTE), 
	"PRODUCT_PIC_OFNAME" VARCHAR2(300 BYTE), 
	"PRODUCT_PIC_FSIZE" NUMBER
   ) SEGMENT CREATION DEFERRED 
  PCTFREE 10 PCTUSED 40 INITRANS 1 MAXTRANS 255 NOCOMPRESS LOGGING
  TABLESPACE "USERS" ;
--------------------------------------------------------
--  DDL for Table REVIEW
--------------------------------------------------------

  CREATE TABLE "PET"."REVIEW" 
   (	"MEMBER_NUMBER" NUMBER(6,0), 
	"REVIEW_SUBJECT" VARCHAR2(50 BYTE), 
	"REVIEW_MESSAGE" VARCHAR2(50 BYTE), 
	"REVIEW_EMAIL" VARCHAR2(20 BYTE), 
	"REVIEW_NUMBER" NUMBER, 
	"CATGO_CODE" NUMBER
   ) SEGMENT CREATION IMMEDIATE 
  PCTFREE 10 PCTUSED 40 INITRANS 1 MAXTRANS 255 NOCOMPRESS LOGGING
  STORAGE(INITIAL 65536 NEXT 1048576 MINEXTENTS 1 MAXEXTENTS 2147483645
  PCTINCREASE 0 FREELISTS 1 FREELIST GROUPS 1 BUFFER_POOL DEFAULT FLASH_CACHE DEFAULT CELL_FLASH_CACHE DEFAULT)
  TABLESPACE "USERS" ;
--------------------------------------------------------
--  DDL for Table TAG
--------------------------------------------------------

  CREATE TABLE "PET"."TAG" 
   (	"POST_IDX" NUMBER, 
	"BOARD_IDX" NUMBER, 
	"POST_TAG" VARCHAR2(30 BYTE)
   ) SEGMENT CREATION DEFERRED 
  PCTFREE 10 PCTUSED 40 INITRANS 1 MAXTRANS 255 NOCOMPRESS LOGGING
  TABLESPACE "USERS" ;
--------------------------------------------------------
--  DDL for Table WALK
--------------------------------------------------------

  CREATE TABLE "PET"."WALK" 
   (	"WALK_IDX" NUMBER, 
	"MEMBER_NUMBER" NUMBER(6,0), 
	"WALK_WRITER" VARCHAR2(20 BYTE), 
	"WALK_TYPE" VARCHAR2(20 BYTE), 
	"WALK_SUBJECT" VARCHAR2(40 BYTE), 
	"WALK_CONTENT" VARCHAR2(3000 BYTE), 
	"WALK_RDATE" DATE, 
	"WALK_COUNT" NUMBER, 
	"WALK_LOCATION" VARCHAR2(30 BYTE), 
	"WALK_DATE" TIMESTAMP (6)
   ) SEGMENT CREATION IMMEDIATE 
  PCTFREE 10 PCTUSED 40 INITRANS 1 MAXTRANS 255 NOCOMPRESS LOGGING
  STORAGE(INITIAL 65536 NEXT 1048576 MINEXTENTS 1 MAXEXTENTS 2147483645
  PCTINCREASE 0 FREELISTS 1 FREELIST GROUPS 1 BUFFER_POOL DEFAULT FLASH_CACHE DEFAULT CELL_FLASH_CACHE DEFAULT)
  TABLESPACE "USERS" ;
--------------------------------------------------------
--  DDL for Table WALK_CMT
--------------------------------------------------------

  CREATE TABLE "PET"."WALK_CMT" 
   (	"WALK_CMT_IDX" NUMBER, 
	"WALK_IDX" NUMBER, 
	"WALK_CMT_WRITER" VARCHAR2(20 BYTE), 
	"WALK_CMT_CONTENT" VARCHAR2(1000 BYTE), 
	"WALK_CMT_DATE" DATE, 
	"MEMBER_NUMBER" NUMBER(6,0), 
	"JOIN_STATUS" VARCHAR2(6 BYTE)
   ) SEGMENT CREATION IMMEDIATE 
  PCTFREE 10 PCTUSED 40 INITRANS 1 MAXTRANS 255 NOCOMPRESS LOGGING
  STORAGE(INITIAL 65536 NEXT 1048576 MINEXTENTS 1 MAXEXTENTS 2147483645
  PCTINCREASE 0 FREELISTS 1 FREELIST GROUPS 1 BUFFER_POOL DEFAULT FLASH_CACHE DEFAULT CELL_FLASH_CACHE DEFAULT)
  TABLESPACE "USERS" ;
--------------------------------------------------------
--  DDL for Table WALK_JOIN
--------------------------------------------------------

  CREATE TABLE "PET"."WALK_JOIN" 
   (	"WALK_IDX" NUMBER, 
	"MEMBER_NUMBER" NUMBER(6,0)
   ) SEGMENT CREATION IMMEDIATE 
  PCTFREE 10 PCTUSED 40 INITRANS 1 MAXTRANS 255 NOCOMPRESS LOGGING
  STORAGE(INITIAL 65536 NEXT 1048576 MINEXTENTS 1 MAXEXTENTS 2147483645
  PCTINCREASE 0 FREELISTS 1 FREELIST GROUPS 1 BUFFER_POOL DEFAULT FLASH_CACHE DEFAULT CELL_FLASH_CACHE DEFAULT)
  TABLESPACE "USERS" ;
--------------------------------------------------------
--  DDL for Table WALK_LIKE
--------------------------------------------------------

  CREATE TABLE "PET"."WALK_LIKE" 
   (	"WALK_IDX" NUMBER, 
	"MEMBER_NUMBER" NUMBER(6,0)
   ) SEGMENT CREATION IMMEDIATE 
  PCTFREE 10 PCTUSED 40 INITRANS 1 MAXTRANS 255 NOCOMPRESS LOGGING
  STORAGE(INITIAL 65536 NEXT 1048576 MINEXTENTS 1 MAXEXTENTS 2147483645
  PCTINCREASE 0 FREELISTS 1 FREELIST GROUPS 1 BUFFER_POOL DEFAULT FLASH_CACHE DEFAULT CELL_FLASH_CACHE DEFAULT)
  TABLESPACE "USERS" ;
REM INSERTING into PET.BOARD
SET DEFINE OFF;
Insert into PET.BOARD (POST_IDX,BOARD_IDX,MEMBER_NUMBER,POST_WRITER,POST_SUBJECT,POST_CONTENT,POST_DATE,POST_COUNT,POST_LIKE,POST_NO,POST_ORDER,POST_DEPTH) values (25,3,null,'ㅇ','ㅇ',null,to_date('21/03/03','RR/MM/DD'),null,null,25,0,1);
Insert into PET.BOARD (POST_IDX,BOARD_IDX,MEMBER_NUMBER,POST_WRITER,POST_SUBJECT,POST_CONTENT,POST_DATE,POST_COUNT,POST_LIKE,POST_NO,POST_ORDER,POST_DEPTH) values (21,2,null,'ㅋㅋ','ㅋㅋ',null,to_date('21/03/03','RR/MM/DD'),null,null,21,0,1);
Insert into PET.BOARD (POST_IDX,BOARD_IDX,MEMBER_NUMBER,POST_WRITER,POST_SUBJECT,POST_CONTENT,POST_DATE,POST_COUNT,POST_LIKE,POST_NO,POST_ORDER,POST_DEPTH) values (24,4,null,'글자는 못받아와','왜ㅑ',null,to_date('21/03/03','RR/MM/DD'),null,null,24,0,1);
Insert into PET.BOARD (POST_IDX,BOARD_IDX,MEMBER_NUMBER,POST_WRITER,POST_SUBJECT,POST_CONTENT,POST_DATE,POST_COUNT,POST_LIKE,POST_NO,POST_ORDER,POST_DEPTH) values (13,1,null,'d','d',null,to_date('21/03/03','RR/MM/DD'),null,null,13,0,1);
Insert into PET.BOARD (POST_IDX,BOARD_IDX,MEMBER_NUMBER,POST_WRITER,POST_SUBJECT,POST_CONTENT,POST_DATE,POST_COUNT,POST_LIKE,POST_NO,POST_ORDER,POST_DEPTH) values (14,1,null,'작성자','제목',null,to_date('21/03/03','RR/MM/DD'),null,null,13,7,2);
Insert into PET.BOARD (POST_IDX,BOARD_IDX,MEMBER_NUMBER,POST_WRITER,POST_SUBJECT,POST_CONTENT,POST_DATE,POST_COUNT,POST_LIKE,POST_NO,POST_ORDER,POST_DEPTH) values (15,1,null,'작성자','제목',null,to_date('21/03/03','RR/MM/DD'),null,null,13,6,2);
Insert into PET.BOARD (POST_IDX,BOARD_IDX,MEMBER_NUMBER,POST_WRITER,POST_SUBJECT,POST_CONTENT,POST_DATE,POST_COUNT,POST_LIKE,POST_NO,POST_ORDER,POST_DEPTH) values (16,1,null,'작성자','제목',null,to_date('21/03/03','RR/MM/DD'),null,null,13,5,2);
Insert into PET.BOARD (POST_IDX,BOARD_IDX,MEMBER_NUMBER,POST_WRITER,POST_SUBJECT,POST_CONTENT,POST_DATE,POST_COUNT,POST_LIKE,POST_NO,POST_ORDER,POST_DEPTH) values (17,1,null,'작성자','제목',null,to_date('21/03/03','RR/MM/DD'),null,null,13,5,3);
Insert into PET.BOARD (POST_IDX,BOARD_IDX,MEMBER_NUMBER,POST_WRITER,POST_SUBJECT,POST_CONTENT,POST_DATE,POST_COUNT,POST_LIKE,POST_NO,POST_ORDER,POST_DEPTH) values (18,1,null,'작성자','제목',null,to_date('21/03/03','RR/MM/DD'),null,null,13,6,3);
Insert into PET.BOARD (POST_IDX,BOARD_IDX,MEMBER_NUMBER,POST_WRITER,POST_SUBJECT,POST_CONTENT,POST_DATE,POST_COUNT,POST_LIKE,POST_NO,POST_ORDER,POST_DEPTH) values (19,1,null,'작성자','제목',null,to_date('21/03/03','RR/MM/DD'),null,null,13,7,3);
Insert into PET.BOARD (POST_IDX,BOARD_IDX,MEMBER_NUMBER,POST_WRITER,POST_SUBJECT,POST_CONTENT,POST_DATE,POST_COUNT,POST_LIKE,POST_NO,POST_ORDER,POST_DEPTH) values (23,4,null,'2','2',null,to_date('21/03/03','RR/MM/DD'),null,null,23,0,1);
Insert into PET.BOARD (POST_IDX,BOARD_IDX,MEMBER_NUMBER,POST_WRITER,POST_SUBJECT,POST_CONTENT,POST_DATE,POST_COUNT,POST_LIKE,POST_NO,POST_ORDER,POST_DEPTH) values (11,1,null,'11','11',null,to_date('21/02/25','RR/MM/DD'),null,null,null,null,null);
Insert into PET.BOARD (POST_IDX,BOARD_IDX,MEMBER_NUMBER,POST_WRITER,POST_SUBJECT,POST_CONTENT,POST_DATE,POST_COUNT,POST_LIKE,POST_NO,POST_ORDER,POST_DEPTH) values (12,2,null,'2','2',null,to_date('21/02/25','RR/MM/DD'),null,null,null,null,null);
Insert into PET.BOARD (POST_IDX,BOARD_IDX,MEMBER_NUMBER,POST_WRITER,POST_SUBJECT,POST_CONTENT,POST_DATE,POST_COUNT,POST_LIKE,POST_NO,POST_ORDER,POST_DEPTH) values (26,1,null,'22222222','22222',null,to_date('21/03/03','RR/MM/DD'),null,null,26,0,1);
Insert into PET.BOARD (POST_IDX,BOARD_IDX,MEMBER_NUMBER,POST_WRITER,POST_SUBJECT,POST_CONTENT,POST_DATE,POST_COUNT,POST_LIKE,POST_NO,POST_ORDER,POST_DEPTH) values (20,1,null,'작성자','제목',null,to_date('21/03/03','RR/MM/DD'),null,null,13,7,4);
Insert into PET.BOARD (POST_IDX,BOARD_IDX,MEMBER_NUMBER,POST_WRITER,POST_SUBJECT,POST_CONTENT,POST_DATE,POST_COUNT,POST_LIKE,POST_NO,POST_ORDER,POST_DEPTH) values (22,2,null,'ㅎㅎ','ㅎㅎ',null,to_date('21/03/03','RR/MM/DD'),null,null,22,0,1);
REM INSERTING into PET.BOARD_CMT
SET DEFINE OFF;
Insert into PET.BOARD_CMT (COMMENT_IDX,POST_IDX,BOARD_IDX,MEMBER_NUMBER,CMT_CONTENT,CMT_WRITER,CMT_DATE) values (4,11,1,null,'호ㅑ쵸햐ㅐ','11',to_date('21/02/26','RR/MM/DD'));
Insert into PET.BOARD_CMT (COMMENT_IDX,POST_IDX,BOARD_IDX,MEMBER_NUMBER,CMT_CONTENT,CMT_WRITER,CMT_DATE) values (7,16,1,null,'dshsdh','작성자',to_date('21/03/03','RR/MM/DD'));
Insert into PET.BOARD_CMT (COMMENT_IDX,POST_IDX,BOARD_IDX,MEMBER_NUMBER,CMT_CONTENT,CMT_WRITER,CMT_DATE) values (6,11,1,null,'ㅎㅎ','11',to_date('21/03/03','RR/MM/DD'));
Insert into PET.BOARD_CMT (COMMENT_IDX,POST_IDX,BOARD_IDX,MEMBER_NUMBER,CMT_CONTENT,CMT_WRITER,CMT_DATE) values (3,11,1,null,'ddgsdg','11',to_date('21/02/25','RR/MM/DD'));
Insert into PET.BOARD_CMT (COMMENT_IDX,POST_IDX,BOARD_IDX,MEMBER_NUMBER,CMT_CONTENT,CMT_WRITER,CMT_DATE) values (15,14,1,null,'ㅇㅇㅇㅇㅇㅇㅇㅇㅇㅇㅇㅇ','작성자',to_date('21/03/03','RR/MM/DD'));
Insert into PET.BOARD_CMT (COMMENT_IDX,POST_IDX,BOARD_IDX,MEMBER_NUMBER,CMT_CONTENT,CMT_WRITER,CMT_DATE) values (9,13,1,null,'이것도','d',to_date('21/03/03','RR/MM/DD'));
Insert into PET.BOARD_CMT (COMMENT_IDX,POST_IDX,BOARD_IDX,MEMBER_NUMBER,CMT_CONTENT,CMT_WRITER,CMT_DATE) values (10,17,1,null,'ㅇㅇㅇㅇㅇ','작성자',to_date('21/03/03','RR/MM/DD'));
Insert into PET.BOARD_CMT (COMMENT_IDX,POST_IDX,BOARD_IDX,MEMBER_NUMBER,CMT_CONTENT,CMT_WRITER,CMT_DATE) values (16,23,4,null,'ㅋㅋㅋㅋㅋㅋㅋㅋㅋㅋ','2',to_date('21/03/03','RR/MM/DD'));
Insert into PET.BOARD_CMT (COMMENT_IDX,POST_IDX,BOARD_IDX,MEMBER_NUMBER,CMT_CONTENT,CMT_WRITER,CMT_DATE) values (17,24,4,null,'해결~','글자는 못받아와',to_date('21/03/03','RR/MM/DD'));
Insert into PET.BOARD_CMT (COMMENT_IDX,POST_IDX,BOARD_IDX,MEMBER_NUMBER,CMT_CONTENT,CMT_WRITER,CMT_DATE) values (14,22,2,null,'ㅋㅋ','ㅎㅎ',to_date('21/03/03','RR/MM/DD'));
Insert into PET.BOARD_CMT (COMMENT_IDX,POST_IDX,BOARD_IDX,MEMBER_NUMBER,CMT_CONTENT,CMT_WRITER,CMT_DATE) values (18,25,3,null,'ㅋㅋㅋ','ㅇ',to_date('21/03/03','RR/MM/DD'));
Insert into PET.BOARD_CMT (COMMENT_IDX,POST_IDX,BOARD_IDX,MEMBER_NUMBER,CMT_CONTENT,CMT_WRITER,CMT_DATE) values (19,26,1,null,'ㅎㅎ','22222222',to_date('21/03/03','RR/MM/DD'));
Insert into PET.BOARD_CMT (COMMENT_IDX,POST_IDX,BOARD_IDX,MEMBER_NUMBER,CMT_CONTENT,CMT_WRITER,CMT_DATE) values (13,21,2,null,'ㅋㅋ','ㅋㅋ',to_date('21/03/03','RR/MM/DD'));
REM INSERTING into PET.BOARD_PIC
SET DEFINE OFF;
REM INSERTING into PET.BOARD_SEP
SET DEFINE OFF;
Insert into PET.BOARD_SEP (BOARD_IDX,BOARD_NAME) values (1,'공지사항');
Insert into PET.BOARD_SEP (BOARD_IDX,BOARD_NAME) values (2,'일상이야기');
Insert into PET.BOARD_SEP (BOARD_IDX,BOARD_NAME) values (3,'상품리뷰');
Insert into PET.BOARD_SEP (BOARD_IDX,BOARD_NAME) values (4,'산책후기');
REM INSERTING into PET.CART
SET DEFINE OFF;
REM INSERTING into PET.CATGO
SET DEFINE OFF;
Insert into PET.CATGO (CATGO_CODE,CATGO_NAME) values (9,'옷');
Insert into PET.CATGO (CATGO_CODE,CATGO_NAME) values (1,'옷');
Insert into PET.CATGO (CATGO_CODE,CATGO_NAME) values (2,'방석');
Insert into PET.CATGO (CATGO_CODE,CATGO_NAME) values (3,'사료');
Insert into PET.CATGO (CATGO_CODE,CATGO_NAME) values (4,'하네스');
Insert into PET.CATGO (CATGO_CODE,CATGO_NAME) values (5,'계단');
Insert into PET.CATGO (CATGO_CODE,CATGO_NAME) values (6,'카시트');
Insert into PET.CATGO (CATGO_CODE,CATGO_NAME) values (8,'방석');
REM INSERTING into PET.FOLLOW
SET DEFINE OFF;
REM INSERTING into PET.LIKELIST
SET DEFINE OFF;
REM INSERTING into PET.MEMBER
SET DEFINE OFF;
Insert into PET.MEMBER (MEMBER_NUMBER,MEMBER_EMAIL,MEMBER_PASSWORD,MEMBER_NAME,MEMBER_ADDRESS,MEMBER_DATE) values (2,'lsj432988@naver.com','$2a$10$MhcdBivYClC0gWMRvs9QOe3r4ujSpjl5fB74/8tfIk5IDQEWpbBbK','최우재','서울시 영등포구',to_date('21/02/19','RR/MM/DD'));
Insert into PET.MEMBER (MEMBER_NUMBER,MEMBER_EMAIL,MEMBER_PASSWORD,MEMBER_NAME,MEMBER_ADDRESS,MEMBER_DATE) values (1,'roro@naver.com',null,null,null,to_date('21/02/19','RR/MM/DD'));
Insert into PET.MEMBER (MEMBER_NUMBER,MEMBER_EMAIL,MEMBER_PASSWORD,MEMBER_NAME,MEMBER_ADDRESS,MEMBER_DATE) values (5,'achoal@naver.com','$2a$10$.QJ5TpRCx6jeSzFoXSMnbOhc/XtVPlNArNfWASTrCeFYiJumzdSTm','이수진','서울시 구로구',to_date('21/03/04','RR/MM/DD'));
Insert into PET.MEMBER (MEMBER_NUMBER,MEMBER_EMAIL,MEMBER_PASSWORD,MEMBER_NAME,MEMBER_ADDRESS,MEMBER_DATE) values (6,'choiwoojae@naver.com','$2a$10$eK1hCvXcRiFBrEby4GEH/OmGIuSQEClqp.sXPu7d/WjK5hCH1dXqa','최우재 3월4일 최신 ','서울시 영등포구 경인로 77길',to_date('21/03/04','RR/MM/DD'));
Insert into PET.MEMBER (MEMBER_NUMBER,MEMBER_EMAIL,MEMBER_PASSWORD,MEMBER_NAME,MEMBER_ADDRESS,MEMBER_DATE) values (3,'ly@withmypet.com','$2a$10$ZR5h8h5MIJ339hCt79W/2OO9XQF7mbW.5l43ZQnn84DjpW3YSWcG2','1234','서울시 서대문구',to_date('21/02/19','RR/MM/DD'));
Insert into PET.MEMBER (MEMBER_NUMBER,MEMBER_EMAIL,MEMBER_PASSWORD,MEMBER_NAME,MEMBER_ADDRESS,MEMBER_DATE) values (4,'admin@wmp.com','$2a$10$sXvpMkTFEoPb9uIBnAgPXO6Hx3Nwn81BBF1jdN017uuyfj.HKF1B6','admin','서울시 마포구',to_date('21/02/20','RR/MM/DD'));
REM INSERTING into PET.MESSAGE
SET DEFINE OFF;
REM INSERTING into PET.ORDERLIST
SET DEFINE OFF;
Insert into PET.ORDERLIST (ORDER_CODE,MEMBER_NUMBER,PRODUCT_CODE) values (1,2,2);
Insert into PET.ORDERLIST (ORDER_CODE,MEMBER_NUMBER,PRODUCT_CODE) values (2,3,3);
Insert into PET.ORDERLIST (ORDER_CODE,MEMBER_NUMBER,PRODUCT_CODE) values (3,4,4);
REM INSERTING into PET.PAY
SET DEFINE OFF;
Insert into PET.PAY (PAY_NUMBER,ORDER_CODE,PAY_DATE,PAY_TOTALPAY,PAY_METHOD,PAY_BANK,PAY_ADDRESS,PAY_STATUS) values (14,1,to_date('21/02/25','RR/MM/DD'),'12000','신용카드','롯데카드','서울시 영등포구 문래동','결제전');
Insert into PET.PAY (PAY_NUMBER,ORDER_CODE,PAY_DATE,PAY_TOTALPAY,PAY_METHOD,PAY_BANK,PAY_ADDRESS,PAY_STATUS) values (15,2,to_date('21/02/25','RR/MM/DD'),'15900','계좌이체','우리은행','서울시 마포구 서대문구','결제완료');
Insert into PET.PAY (PAY_NUMBER,ORDER_CODE,PAY_DATE,PAY_TOTALPAY,PAY_METHOD,PAY_BANK,PAY_ADDRESS,PAY_STATUS) values (16,3,to_date('21/02/25','RR/MM/DD'),'49900','신용카드','신한카드','서울시 마포구 신공덕동','결제완료');
REM INSERTING into PET.PET_MYPAGE
SET DEFINE OFF;
Insert into PET.PET_MYPAGE (MEMBER_NUMBER,PET_NAME,PET_SEX,PET_AGE,PET_WALKAREA,PET_WALKPOINT,PET_FNAME,PET_OFNAME,PET_FSIZE) values (6,'최우재의 최신 개','수컷',to_date('21/01/01','RR/MM/DD'),'문래공원',0,'b9551684-0669-4b66-8f35-aebb9b2c862c_unnamed.png','unnamed.png',183618);
Insert into PET.PET_MYPAGE (MEMBER_NUMBER,PET_NAME,PET_SEX,PET_AGE,PET_WALKAREA,PET_WALKPOINT,PET_FNAME,PET_OFNAME,PET_FSIZE) values (5,'리설주','암컷',to_date('20/03/04','RR/MM/DD'),'구로구 탑골공원',0,null,'unnamed.png',183618);
REM INSERTING into PET.PRODUCT
SET DEFINE OFF;
Insert into PET.PRODUCT (PRODUCT_CODE,CATGO_CODE,PRODUCT_NAME,PRODUCT_PRICE,PRODUCT_CONTENT,PRODUCT_TAG,PRODUCT_DATE,PRODUCT_LIKE,PRODUCT_IMAGE,REVIEW_NUMBER) values (9,9,'포근 겨울조끼',12000,'겨울 포근조끼 ','#LOVELY#편안함#강아지들이 좋아해요',to_date('21/02/10','RR/MM/DD'),32,'g10-5.jpg',1);
Insert into PET.PRODUCT (PRODUCT_CODE,CATGO_CODE,PRODUCT_NAME,PRODUCT_PRICE,PRODUCT_CONTENT,PRODUCT_TAG,PRODUCT_DATE,PRODUCT_LIKE,PRODUCT_IMAGE,REVIEW_NUMBER) values (2,1,'사계절 강아지옷',12000,'편안함 장착','산뜻한 컬러',to_date('21/02/15','RR/MM/DD'),32,'g10.jpg',null);
Insert into PET.PRODUCT (PRODUCT_CODE,CATGO_CODE,PRODUCT_NAME,PRODUCT_PRICE,PRODUCT_CONTENT,PRODUCT_TAG,PRODUCT_DATE,PRODUCT_LIKE,PRODUCT_IMAGE,REVIEW_NUMBER) values (3,2,'보들 수면조끼',15900,'강아지들이 좋아하는 겨울 외출복','신축성 좋은 소재',to_date('21/02/15','RR/MM/DD'),21,'g19.jpg',null);
Insert into PET.PRODUCT (PRODUCT_CODE,CATGO_CODE,PRODUCT_NAME,PRODUCT_PRICE,PRODUCT_CONTENT,PRODUCT_TAG,PRODUCT_DATE,PRODUCT_LIKE,PRODUCT_IMAGE,REVIEW_NUMBER) values (4,5,'네오프렌 계량한복',49900,'신축성 좋은 소재와 산뜻한 컬러','#편안함',to_date('21/02/15','RR/MM/DD'),30,'g11.jpg',null);
Insert into PET.PRODUCT (PRODUCT_CODE,CATGO_CODE,PRODUCT_NAME,PRODUCT_PRICE,PRODUCT_CONTENT,PRODUCT_TAG,PRODUCT_DATE,PRODUCT_LIKE,PRODUCT_IMAGE,REVIEW_NUMBER) values (5,4,'산타복장 with 루돌프모자',5900,'귀여움 가득한 강아지 코스튬','#귀여움가득',to_date('21/02/15','RR/MM/DD'),18,'g18.jpg',null);
Insert into PET.PRODUCT (PRODUCT_CODE,CATGO_CODE,PRODUCT_NAME,PRODUCT_PRICE,PRODUCT_CONTENT,PRODUCT_TAG,PRODUCT_DATE,PRODUCT_LIKE,PRODUCT_IMAGE,REVIEW_NUMBER) values (14,8,'글',2,'ㄹ','ㄹ',to_date('21/03/04','RR/MM/DD'),0,'g3-13_1614852950896.jpg',0);
Insert into PET.PRODUCT (PRODUCT_CODE,CATGO_CODE,PRODUCT_NAME,PRODUCT_PRICE,PRODUCT_CONTENT,PRODUCT_TAG,PRODUCT_DATE,PRODUCT_LIKE,PRODUCT_IMAGE,REVIEW_NUMBER) values (6,6,'위마펫 마약방석',19900,'위마펫 가장 핫한 아이템','#폭신폭신#아이들이 좋아해요',to_date('21/02/15','RR/MM/DD'),40,'g3-3.jpg',null);
Insert into PET.PRODUCT (PRODUCT_CODE,CATGO_CODE,PRODUCT_NAME,PRODUCT_PRICE,PRODUCT_CONTENT,PRODUCT_TAG,PRODUCT_DATE,PRODUCT_LIKE,PRODUCT_IMAGE,REVIEW_NUMBER) values (12,8,'상품등록테스트',1,'ㄴ','ㄴ',to_date('21/03/04','RR/MM/DD'),0,'g17_1614851029100.jpg',0);
Insert into PET.PRODUCT (PRODUCT_CODE,CATGO_CODE,PRODUCT_NAME,PRODUCT_PRICE,PRODUCT_CONTENT,PRODUCT_TAG,PRODUCT_DATE,PRODUCT_LIKE,PRODUCT_IMAGE,REVIEW_NUMBER) values (15,8,'상',1,'ㄴ','ㄴ',to_date('21/03/04','RR/MM/DD'),0,'g3-13_1614853322163.jpg',0);
Insert into PET.PRODUCT (PRODUCT_CODE,CATGO_CODE,PRODUCT_NAME,PRODUCT_PRICE,PRODUCT_CONTENT,PRODUCT_TAG,PRODUCT_DATE,PRODUCT_LIKE,PRODUCT_IMAGE,REVIEW_NUMBER) values (13,8,'상품',12,'ㅇ','ㅇ',to_date('21/03/04','RR/MM/DD'),0,'g17_1614852090785.jpg',0);
Insert into PET.PRODUCT (PRODUCT_CODE,CATGO_CODE,PRODUCT_NAME,PRODUCT_PRICE,PRODUCT_CONTENT,PRODUCT_TAG,PRODUCT_DATE,PRODUCT_LIKE,PRODUCT_IMAGE,REVIEW_NUMBER) values (16,8,'ㅁ',1,'1','1',to_date('21/03/04','RR/MM/DD'),0,'9bc23410-5e5d-4238-9d4d-89f588e2a0bb_g3-13_1614853761640.jpg',0);
Insert into PET.PRODUCT (PRODUCT_CODE,CATGO_CODE,PRODUCT_NAME,PRODUCT_PRICE,PRODUCT_CONTENT,PRODUCT_TAG,PRODUCT_DATE,PRODUCT_LIKE,PRODUCT_IMAGE,REVIEW_NUMBER) values (17,8,'ㅁ',1,'1','1',to_date('21/03/04','RR/MM/DD'),0,'174d47f0-53c0-4b51-9a60-68844e0eed63_sdsd_1614853819050.PNG',0);
Insert into PET.PRODUCT (PRODUCT_CODE,CATGO_CODE,PRODUCT_NAME,PRODUCT_PRICE,PRODUCT_CONTENT,PRODUCT_TAG,PRODUCT_DATE,PRODUCT_LIKE,PRODUCT_IMAGE,REVIEW_NUMBER) values (18,8,'ㅁㄴㅇ',123,'ㅁ','ㅁ',to_date('21/03/04','RR/MM/DD'),0,'g3-3_1614853873619.jpg',0);
REM INSERTING into PET.PRODUCT_OPTION
SET DEFINE OFF;
Insert into PET.PRODUCT_OPTION (PRODUCT_CODE,PRODUCT_AMOUNT,PRODUCT_SIZE) values (9,2,'M 퍼플');
REM INSERTING into PET.PRODUCT_PIC
SET DEFINE OFF;
REM INSERTING into PET.REVIEW
SET DEFINE OFF;
Insert into PET.REVIEW (MEMBER_NUMBER,REVIEW_SUBJECT,REVIEW_MESSAGE,REVIEW_EMAIL,REVIEW_NUMBER,CATGO_CODE) values (1,'구매 강추','너무 이뻐요 다른 색깔로 재구매하려구요','hhhh@gmail.com',6,9);
Insert into PET.REVIEW (MEMBER_NUMBER,REVIEW_SUBJECT,REVIEW_MESSAGE,REVIEW_EMAIL,REVIEW_NUMBER,CATGO_CODE) values (3,'촉감이 너무 좋아요','촉감이 너무 좋네요','rrrr.gmail.com',11,6);
Insert into PET.REVIEW (MEMBER_NUMBER,REVIEW_SUBJECT,REVIEW_MESSAGE,REVIEW_EMAIL,REVIEW_NUMBER,CATGO_CODE) values (1,'ㅇㅇ','ㅇㅇ','dd@naver.com',1,9);
REM INSERTING into PET.TAG
SET DEFINE OFF;
REM INSERTING into PET.WALK
SET DEFINE OFF;
Insert into PET.WALK (WALK_IDX,MEMBER_NUMBER,WALK_WRITER,WALK_TYPE,WALK_SUBJECT,WALK_CONTENT,WALK_RDATE,WALK_COUNT,WALK_LOCATION,WALK_DATE) values (10,1,'세션이름','1:1','안늉','안늉',to_date('21/02/19','RR/MM/DD'),0,'호미화방',to_timestamp('21/02/27 19:02:00.000000000','RR/MM/DD HH24:MI:SSXFF'));
Insert into PET.WALK (WALK_IDX,MEMBER_NUMBER,WALK_WRITER,WALK_TYPE,WALK_SUBJECT,WALK_CONTENT,WALK_RDATE,WALK_COUNT,WALK_LOCATION,WALK_DATE) values (11,1,'지횬','여러명 모임','으앙','좋아여',to_date('21/02/25','RR/MM/DD'),0,'공덕시장족발골목',to_timestamp('21/02/26 00:02:00.000000000','RR/MM/DD HH24:MI:SSXFF'));
Insert into PET.WALK (WALK_IDX,MEMBER_NUMBER,WALK_WRITER,WALK_TYPE,WALK_SUBJECT,WALK_CONTENT,WALK_RDATE,WALK_COUNT,WALK_LOCATION,WALK_DATE) values (9,1,'세션이름','여러명 모임','안녕','안녕',to_date('21/02/18','RR/MM/DD'),0,'홍대입구',to_timestamp('21/02/20 22:02:00.000000000','RR/MM/DD HH24:MI:SSXFF'));
Insert into PET.WALK (WALK_IDX,MEMBER_NUMBER,WALK_WRITER,WALK_TYPE,WALK_SUBJECT,WALK_CONTENT,WALK_RDATE,WALK_COUNT,WALK_LOCATION,WALK_DATE) values (8,1,'세션이름','1:1','ㅇ','ㅇㄴ',to_date('21/02/18','RR/MM/DD'),0,'ㄴ',to_timestamp('21/02/20 22:02:00.000000000','RR/MM/DD HH24:MI:SSXFF'));
Insert into PET.WALK (WALK_IDX,MEMBER_NUMBER,WALK_WRITER,WALK_TYPE,WALK_SUBJECT,WALK_CONTENT,WALK_RDATE,WALK_COUNT,WALK_LOCATION,WALK_DATE) values (7,1,'세션이름','여러명 모임','검색용','ㅇ',to_date('21/02/18','RR/MM/DD'),0,'홍대입구',to_timestamp('21/03/20 23:03:00.000000000','RR/MM/DD HH24:MI:SSXFF'));
REM INSERTING into PET.WALK_CMT
SET DEFINE OFF;
Insert into PET.WALK_CMT (WALK_CMT_IDX,WALK_IDX,WALK_CMT_WRITER,WALK_CMT_CONTENT,WALK_CMT_DATE,MEMBER_NUMBER,JOIN_STATUS) values (47,11,'세션로그인유저','껴줘',to_date('21/02/25','RR/MM/DD'),1,'y');
Insert into PET.WALK_CMT (WALK_CMT_IDX,WALK_IDX,WALK_CMT_WRITER,WALK_CMT_CONTENT,WALK_CMT_DATE,MEMBER_NUMBER,JOIN_STATUS) values (14,8,'세션로그인유저','ㅁㄴㅇㄹ',to_date('21/02/18','RR/MM/DD'),1,'y');
Insert into PET.WALK_CMT (WALK_CMT_IDX,WALK_IDX,WALK_CMT_WRITER,WALK_CMT_CONTENT,WALK_CMT_DATE,MEMBER_NUMBER,JOIN_STATUS) values (15,8,'세션로그인유저','ㅁㄴㅇㄹ',to_date('21/02/18','RR/MM/DD'),1,'y');
Insert into PET.WALK_CMT (WALK_CMT_IDX,WALK_IDX,WALK_CMT_WRITER,WALK_CMT_CONTENT,WALK_CMT_DATE,MEMBER_NUMBER,JOIN_STATUS) values (12,8,'세션로그인유저','ㅇ',to_date('21/02/18','RR/MM/DD'),1,'y');
Insert into PET.WALK_CMT (WALK_CMT_IDX,WALK_IDX,WALK_CMT_WRITER,WALK_CMT_CONTENT,WALK_CMT_DATE,MEMBER_NUMBER,JOIN_STATUS) values (13,8,'세션로그인유저','ㄴㅇㄹ',to_date('21/02/18','RR/MM/DD'),1,'y');
Insert into PET.WALK_CMT (WALK_CMT_IDX,WALK_IDX,WALK_CMT_WRITER,WALK_CMT_CONTENT,WALK_CMT_DATE,MEMBER_NUMBER,JOIN_STATUS) values (16,8,'세션로그인유저','DFE',to_date('21/02/18','RR/MM/DD'),1,null);
Insert into PET.WALK_CMT (WALK_CMT_IDX,WALK_IDX,WALK_CMT_WRITER,WALK_CMT_CONTENT,WALK_CMT_DATE,MEMBER_NUMBER,JOIN_STATUS) values (17,8,'세션로그인유저','WDWDWD',to_date('21/02/18','RR/MM/DD'),1,null);
Insert into PET.WALK_CMT (WALK_CMT_IDX,WALK_IDX,WALK_CMT_WRITER,WALK_CMT_CONTENT,WALK_CMT_DATE,MEMBER_NUMBER,JOIN_STATUS) values (6,7,'세션로그인유저','잘되나용?',to_date('21/02/18','RR/MM/DD'),1,'y');
Insert into PET.WALK_CMT (WALK_CMT_IDX,WALK_IDX,WALK_CMT_WRITER,WALK_CMT_CONTENT,WALK_CMT_DATE,MEMBER_NUMBER,JOIN_STATUS) values (7,7,'세션로그인유저','참가1',to_date('21/02/18','RR/MM/DD'),1,'y');
Insert into PET.WALK_CMT (WALK_CMT_IDX,WALK_IDX,WALK_CMT_WRITER,WALK_CMT_CONTENT,WALK_CMT_DATE,MEMBER_NUMBER,JOIN_STATUS) values (46,9,'세션로그인유저','ㅇ',to_date('21/02/19','RR/MM/DD'),1,'y');
REM INSERTING into PET.WALK_JOIN
SET DEFINE OFF;
Insert into PET.WALK_JOIN (WALK_IDX,MEMBER_NUMBER) values (11,1);
Insert into PET.WALK_JOIN (WALK_IDX,MEMBER_NUMBER) values (8,1);
Insert into PET.WALK_JOIN (WALK_IDX,MEMBER_NUMBER) values (9,1);
Insert into PET.WALK_JOIN (WALK_IDX,MEMBER_NUMBER) values (7,1);
REM INSERTING into PET.WALK_LIKE
SET DEFINE OFF;
Insert into PET.WALK_LIKE (WALK_IDX,MEMBER_NUMBER) values (8,1);
Insert into PET.WALK_LIKE (WALK_IDX,MEMBER_NUMBER) values (8,1);
Insert into PET.WALK_LIKE (WALK_IDX,MEMBER_NUMBER) values (9,1);
Insert into PET.WALK_LIKE (WALK_IDX,MEMBER_NUMBER) values (11,1);
Insert into PET.WALK_LIKE (WALK_IDX,MEMBER_NUMBER) values (11,1);
Insert into PET.WALK_LIKE (WALK_IDX,MEMBER_NUMBER) values (11,1);
Insert into PET.WALK_LIKE (WALK_IDX,MEMBER_NUMBER) values (8,1);
Insert into PET.WALK_LIKE (WALK_IDX,MEMBER_NUMBER) values (8,1);
Insert into PET.WALK_LIKE (WALK_IDX,MEMBER_NUMBER) values (8,1);
Insert into PET.WALK_LIKE (WALK_IDX,MEMBER_NUMBER) values (8,1);
Insert into PET.WALK_LIKE (WALK_IDX,MEMBER_NUMBER) values (8,1);
Insert into PET.WALK_LIKE (WALK_IDX,MEMBER_NUMBER) values (8,1);
Insert into PET.WALK_LIKE (WALK_IDX,MEMBER_NUMBER) values (8,1);
Insert into PET.WALK_LIKE (WALK_IDX,MEMBER_NUMBER) values (8,1);
Insert into PET.WALK_LIKE (WALK_IDX,MEMBER_NUMBER) values (8,1);
Insert into PET.WALK_LIKE (WALK_IDX,MEMBER_NUMBER) values (8,1);
Insert into PET.WALK_LIKE (WALK_IDX,MEMBER_NUMBER) values (8,1);
Insert into PET.WALK_LIKE (WALK_IDX,MEMBER_NUMBER) values (8,1);
Insert into PET.WALK_LIKE (WALK_IDX,MEMBER_NUMBER) values (8,1);
Insert into PET.WALK_LIKE (WALK_IDX,MEMBER_NUMBER) values (9,1);
Insert into PET.WALK_LIKE (WALK_IDX,MEMBER_NUMBER) values (9,1);
Insert into PET.WALK_LIKE (WALK_IDX,MEMBER_NUMBER) values (9,1);
Insert into PET.WALK_LIKE (WALK_IDX,MEMBER_NUMBER) values (7,1);
--------------------------------------------------------
--  DDL for Index BOARD_SEP_PK
--------------------------------------------------------

  CREATE UNIQUE INDEX "PET"."BOARD_SEP_PK" ON "PET"."BOARD_SEP" ("BOARD_IDX") 
  PCTFREE 10 INITRANS 2 MAXTRANS 255 COMPUTE STATISTICS 
  STORAGE(INITIAL 65536 NEXT 1048576 MINEXTENTS 1 MAXEXTENTS 2147483645
  PCTINCREASE 0 FREELISTS 1 FREELIST GROUPS 1 BUFFER_POOL DEFAULT FLASH_CACHE DEFAULT CELL_FLASH_CACHE DEFAULT)
  TABLESPACE "USERS" ;
--------------------------------------------------------
--  DDL for Index CART_PK
--------------------------------------------------------

  CREATE UNIQUE INDEX "PET"."CART_PK" ON "PET"."CART" ("CART_CODE") 
  PCTFREE 10 INITRANS 2 MAXTRANS 255 COMPUTE STATISTICS 
  STORAGE(INITIAL 65536 NEXT 1048576 MINEXTENTS 1 MAXEXTENTS 2147483645
  PCTINCREASE 0 FREELISTS 1 FREELIST GROUPS 1 BUFFER_POOL DEFAULT FLASH_CACHE DEFAULT CELL_FLASH_CACHE DEFAULT)
  TABLESPACE "USERS" ;
--------------------------------------------------------
--  DDL for Index CATGO_PK
--------------------------------------------------------

  CREATE UNIQUE INDEX "PET"."CATGO_PK" ON "PET"."CATGO" ("CATGO_CODE") 
  PCTFREE 10 INITRANS 2 MAXTRANS 255 COMPUTE STATISTICS 
  STORAGE(INITIAL 65536 NEXT 1048576 MINEXTENTS 1 MAXEXTENTS 2147483645
  PCTINCREASE 0 FREELISTS 1 FREELIST GROUPS 1 BUFFER_POOL DEFAULT FLASH_CACHE DEFAULT CELL_FLASH_CACHE DEFAULT)
  TABLESPACE "USERS" ;
--------------------------------------------------------
--  DDL for Index LIKE_PK
--------------------------------------------------------

  CREATE UNIQUE INDEX "PET"."LIKE_PK" ON "PET"."LIKELIST" ("MEMBER_NUMBER") 
  PCTFREE 10 INITRANS 2 MAXTRANS 255 COMPUTE STATISTICS 
  STORAGE(INITIAL 65536 NEXT 1048576 MINEXTENTS 1 MAXEXTENTS 2147483645
  PCTINCREASE 0 FREELISTS 1 FREELIST GROUPS 1 BUFFER_POOL DEFAULT FLASH_CACHE DEFAULT CELL_FLASH_CACHE DEFAULT)
  TABLESPACE "USERS" ;
--------------------------------------------------------
--  DDL for Index MEMBER_PK
--------------------------------------------------------

  CREATE UNIQUE INDEX "PET"."MEMBER_PK" ON "PET"."MEMBER" ("MEMBER_NUMBER") 
  PCTFREE 10 INITRANS 2 MAXTRANS 255 COMPUTE STATISTICS 
  STORAGE(INITIAL 65536 NEXT 1048576 MINEXTENTS 1 MAXEXTENTS 2147483645
  PCTINCREASE 0 FREELISTS 1 FREELIST GROUPS 1 BUFFER_POOL DEFAULT FLASH_CACHE DEFAULT CELL_FLASH_CACHE DEFAULT)
  TABLESPACE "USERS" ;
--------------------------------------------------------
--  DDL for Index MESSAGE_PK
--------------------------------------------------------

  CREATE UNIQUE INDEX "PET"."MESSAGE_PK" ON "PET"."MESSAGE" ("MSG_IDX") 
  PCTFREE 10 INITRANS 2 MAXTRANS 255 COMPUTE STATISTICS NOCOMPRESS LOGGING
  TABLESPACE "USERS" ;
--------------------------------------------------------
--  DDL for Index ORDERLIST_PK
--------------------------------------------------------

  CREATE UNIQUE INDEX "PET"."ORDERLIST_PK" ON "PET"."ORDERLIST" ("ORDER_CODE") 
  PCTFREE 10 INITRANS 2 MAXTRANS 255 COMPUTE STATISTICS 
  STORAGE(INITIAL 65536 NEXT 1048576 MINEXTENTS 1 MAXEXTENTS 2147483645
  PCTINCREASE 0 FREELISTS 1 FREELIST GROUPS 1 BUFFER_POOL DEFAULT FLASH_CACHE DEFAULT CELL_FLASH_CACHE DEFAULT)
  TABLESPACE "USERS" ;
--------------------------------------------------------
--  DDL for Index PAY_PK
--------------------------------------------------------

  CREATE UNIQUE INDEX "PET"."PAY_PK" ON "PET"."PAY" ("PAY_NUMBER") 
  PCTFREE 10 INITRANS 2 MAXTRANS 255 COMPUTE STATISTICS 
  STORAGE(INITIAL 65536 NEXT 1048576 MINEXTENTS 1 MAXEXTENTS 2147483645
  PCTINCREASE 0 FREELISTS 1 FREELIST GROUPS 1 BUFFER_POOL DEFAULT FLASH_CACHE DEFAULT CELL_FLASH_CACHE DEFAULT)
  TABLESPACE "USERS" ;
--------------------------------------------------------
--  DDL for Index PET_MYPAGE_PK
--------------------------------------------------------

  CREATE UNIQUE INDEX "PET"."PET_MYPAGE_PK" ON "PET"."PET_MYPAGE" ("MEMBER_NUMBER") 
  PCTFREE 10 INITRANS 2 MAXTRANS 255 COMPUTE STATISTICS 
  STORAGE(INITIAL 65536 NEXT 1048576 MINEXTENTS 1 MAXEXTENTS 2147483645
  PCTINCREASE 0 FREELISTS 1 FREELIST GROUPS 1 BUFFER_POOL DEFAULT FLASH_CACHE DEFAULT CELL_FLASH_CACHE DEFAULT)
  TABLESPACE "USERS" ;
--------------------------------------------------------
--  DDL for Index POST_PK
--------------------------------------------------------

  CREATE UNIQUE INDEX "PET"."POST_PK" ON "PET"."BOARD" ("POST_IDX") 
  PCTFREE 10 INITRANS 2 MAXTRANS 255 COMPUTE STATISTICS 
  STORAGE(INITIAL 65536 NEXT 1048576 MINEXTENTS 1 MAXEXTENTS 2147483645
  PCTINCREASE 0 FREELISTS 1 FREELIST GROUPS 1 BUFFER_POOL DEFAULT FLASH_CACHE DEFAULT CELL_FLASH_CACHE DEFAULT)
  TABLESPACE "USERS" ;
--------------------------------------------------------
--  DDL for Index PRODUCT_PIC_PK
--------------------------------------------------------

  CREATE UNIQUE INDEX "PET"."PRODUCT_PIC_PK" ON "PET"."PRODUCT_PIC" ("PRODUCT_IDX") 
  PCTFREE 10 INITRANS 2 MAXTRANS 255 COMPUTE STATISTICS NOCOMPRESS LOGGING
  TABLESPACE "USERS" ;
--------------------------------------------------------
--  DDL for Index PRODUCT_PK1
--------------------------------------------------------

  CREATE UNIQUE INDEX "PET"."PRODUCT_PK1" ON "PET"."PRODUCT" ("PRODUCT_CODE") 
  PCTFREE 10 INITRANS 2 MAXTRANS 255 COMPUTE STATISTICS 
  STORAGE(INITIAL 65536 NEXT 1048576 MINEXTENTS 1 MAXEXTENTS 2147483645
  PCTINCREASE 0 FREELISTS 1 FREELIST GROUPS 1 BUFFER_POOL DEFAULT FLASH_CACHE DEFAULT CELL_FLASH_CACHE DEFAULT)
  TABLESPACE "USERS" ;
--------------------------------------------------------
--  DDL for Index REVIEW_PK
--------------------------------------------------------

  CREATE UNIQUE INDEX "PET"."REVIEW_PK" ON "PET"."REVIEW" ("REVIEW_NUMBER") 
  PCTFREE 10 INITRANS 2 MAXTRANS 255 COMPUTE STATISTICS 
  STORAGE(INITIAL 65536 NEXT 1048576 MINEXTENTS 1 MAXEXTENTS 2147483645
  PCTINCREASE 0 FREELISTS 1 FREELIST GROUPS 1 BUFFER_POOL DEFAULT FLASH_CACHE DEFAULT CELL_FLASH_CACHE DEFAULT)
  TABLESPACE "USERS" ;
--------------------------------------------------------
--  DDL for Index WALK_CMT_PK
--------------------------------------------------------

  CREATE UNIQUE INDEX "PET"."WALK_CMT_PK" ON "PET"."WALK_CMT" ("WALK_CMT_IDX") 
  PCTFREE 10 INITRANS 2 MAXTRANS 255 COMPUTE STATISTICS 
  STORAGE(INITIAL 65536 NEXT 1048576 MINEXTENTS 1 MAXEXTENTS 2147483645
  PCTINCREASE 0 FREELISTS 1 FREELIST GROUPS 1 BUFFER_POOL DEFAULT FLASH_CACHE DEFAULT CELL_FLASH_CACHE DEFAULT)
  TABLESPACE "USERS" ;
--------------------------------------------------------
--  DDL for Index WALK_JOIN_PK
--------------------------------------------------------

  CREATE UNIQUE INDEX "PET"."WALK_JOIN_PK" ON "PET"."WALK_JOIN" ("WALK_IDX") 
  PCTFREE 10 INITRANS 2 MAXTRANS 255 COMPUTE STATISTICS 
  STORAGE(INITIAL 65536 NEXT 1048576 MINEXTENTS 1 MAXEXTENTS 2147483645
  PCTINCREASE 0 FREELISTS 1 FREELIST GROUPS 1 BUFFER_POOL DEFAULT FLASH_CACHE DEFAULT CELL_FLASH_CACHE DEFAULT)
  TABLESPACE "USERS" ;
--------------------------------------------------------
--  DDL for Index WALK_PK
--------------------------------------------------------

  CREATE UNIQUE INDEX "PET"."WALK_PK" ON "PET"."WALK" ("WALK_IDX") 
  PCTFREE 10 INITRANS 2 MAXTRANS 255 COMPUTE STATISTICS 
  STORAGE(INITIAL 65536 NEXT 1048576 MINEXTENTS 1 MAXEXTENTS 2147483645
  PCTINCREASE 0 FREELISTS 1 FREELIST GROUPS 1 BUFFER_POOL DEFAULT FLASH_CACHE DEFAULT CELL_FLASH_CACHE DEFAULT)
  TABLESPACE "USERS" ;
--------------------------------------------------------
--  Constraints for Table BOARD
--------------------------------------------------------

  ALTER TABLE "PET"."BOARD" ADD CONSTRAINT "POST_PK" PRIMARY KEY ("POST_IDX")
  USING INDEX PCTFREE 10 INITRANS 2 MAXTRANS 255 COMPUTE STATISTICS 
  STORAGE(INITIAL 65536 NEXT 1048576 MINEXTENTS 1 MAXEXTENTS 2147483645
  PCTINCREASE 0 FREELISTS 1 FREELIST GROUPS 1 BUFFER_POOL DEFAULT FLASH_CACHE DEFAULT CELL_FLASH_CACHE DEFAULT)
  TABLESPACE "USERS"  ENABLE;
--------------------------------------------------------
--  Constraints for Table BOARD_SEP
--------------------------------------------------------

  ALTER TABLE "PET"."BOARD_SEP" ADD CONSTRAINT "BOARD_SEP_PK" PRIMARY KEY ("BOARD_IDX")
  USING INDEX PCTFREE 10 INITRANS 2 MAXTRANS 255 COMPUTE STATISTICS 
  STORAGE(INITIAL 65536 NEXT 1048576 MINEXTENTS 1 MAXEXTENTS 2147483645
  PCTINCREASE 0 FREELISTS 1 FREELIST GROUPS 1 BUFFER_POOL DEFAULT FLASH_CACHE DEFAULT CELL_FLASH_CACHE DEFAULT)
  TABLESPACE "USERS"  ENABLE;
--------------------------------------------------------
--  Constraints for Table CART
--------------------------------------------------------

  ALTER TABLE "PET"."CART" ADD CONSTRAINT "CART_PK" PRIMARY KEY ("CART_CODE")
  USING INDEX PCTFREE 10 INITRANS 2 MAXTRANS 255 COMPUTE STATISTICS 
  STORAGE(INITIAL 65536 NEXT 1048576 MINEXTENTS 1 MAXEXTENTS 2147483645
  PCTINCREASE 0 FREELISTS 1 FREELIST GROUPS 1 BUFFER_POOL DEFAULT FLASH_CACHE DEFAULT CELL_FLASH_CACHE DEFAULT)
  TABLESPACE "USERS"  ENABLE;
--------------------------------------------------------
--  Constraints for Table CATGO
--------------------------------------------------------

  ALTER TABLE "PET"."CATGO" ADD CONSTRAINT "CATGO_PK" PRIMARY KEY ("CATGO_CODE")
  USING INDEX PCTFREE 10 INITRANS 2 MAXTRANS 255 COMPUTE STATISTICS 
  STORAGE(INITIAL 65536 NEXT 1048576 MINEXTENTS 1 MAXEXTENTS 2147483645
  PCTINCREASE 0 FREELISTS 1 FREELIST GROUPS 1 BUFFER_POOL DEFAULT FLASH_CACHE DEFAULT CELL_FLASH_CACHE DEFAULT)
  TABLESPACE "USERS"  ENABLE;
--------------------------------------------------------
--  Constraints for Table LIKELIST
--------------------------------------------------------

  ALTER TABLE "PET"."LIKELIST" ADD CONSTRAINT "LIKE_PK" PRIMARY KEY ("MEMBER_NUMBER")
  USING INDEX PCTFREE 10 INITRANS 2 MAXTRANS 255 COMPUTE STATISTICS 
  STORAGE(INITIAL 65536 NEXT 1048576 MINEXTENTS 1 MAXEXTENTS 2147483645
  PCTINCREASE 0 FREELISTS 1 FREELIST GROUPS 1 BUFFER_POOL DEFAULT FLASH_CACHE DEFAULT CELL_FLASH_CACHE DEFAULT)
  TABLESPACE "USERS"  ENABLE;
--------------------------------------------------------
--  Constraints for Table MEMBER
--------------------------------------------------------

  ALTER TABLE "PET"."MEMBER" ADD CONSTRAINT "MEMBER_PK" PRIMARY KEY ("MEMBER_NUMBER")
  USING INDEX PCTFREE 10 INITRANS 2 MAXTRANS 255 COMPUTE STATISTICS 
  STORAGE(INITIAL 65536 NEXT 1048576 MINEXTENTS 1 MAXEXTENTS 2147483645
  PCTINCREASE 0 FREELISTS 1 FREELIST GROUPS 1 BUFFER_POOL DEFAULT FLASH_CACHE DEFAULT CELL_FLASH_CACHE DEFAULT)
  TABLESPACE "USERS"  ENABLE;
--------------------------------------------------------
--  Constraints for Table MESSAGE
--------------------------------------------------------

  ALTER TABLE "PET"."MESSAGE" ADD CONSTRAINT "MESSAGE_PK" PRIMARY KEY ("MSG_IDX")
  USING INDEX PCTFREE 10 INITRANS 2 MAXTRANS 255 COMPUTE STATISTICS NOCOMPRESS LOGGING
  TABLESPACE "USERS"  ENABLE;
--------------------------------------------------------
--  Constraints for Table ORDERLIST
--------------------------------------------------------

  ALTER TABLE "PET"."ORDERLIST" ADD CONSTRAINT "ORDERLIST_PK" PRIMARY KEY ("ORDER_CODE")
  USING INDEX PCTFREE 10 INITRANS 2 MAXTRANS 255 COMPUTE STATISTICS 
  STORAGE(INITIAL 65536 NEXT 1048576 MINEXTENTS 1 MAXEXTENTS 2147483645
  PCTINCREASE 0 FREELISTS 1 FREELIST GROUPS 1 BUFFER_POOL DEFAULT FLASH_CACHE DEFAULT CELL_FLASH_CACHE DEFAULT)
  TABLESPACE "USERS"  ENABLE;
--------------------------------------------------------
--  Constraints for Table PAY
--------------------------------------------------------

  ALTER TABLE "PET"."PAY" ADD CONSTRAINT "PAY_PK" PRIMARY KEY ("PAY_NUMBER")
  USING INDEX PCTFREE 10 INITRANS 2 MAXTRANS 255 COMPUTE STATISTICS 
  STORAGE(INITIAL 65536 NEXT 1048576 MINEXTENTS 1 MAXEXTENTS 2147483645
  PCTINCREASE 0 FREELISTS 1 FREELIST GROUPS 1 BUFFER_POOL DEFAULT FLASH_CACHE DEFAULT CELL_FLASH_CACHE DEFAULT)
  TABLESPACE "USERS"  ENABLE;
--------------------------------------------------------
--  Constraints for Table PET_MYPAGE
--------------------------------------------------------

  ALTER TABLE "PET"."PET_MYPAGE" ADD CONSTRAINT "PET_MYPAGE_PK" PRIMARY KEY ("MEMBER_NUMBER")
  USING INDEX PCTFREE 10 INITRANS 2 MAXTRANS 255 COMPUTE STATISTICS 
  STORAGE(INITIAL 65536 NEXT 1048576 MINEXTENTS 1 MAXEXTENTS 2147483645
  PCTINCREASE 0 FREELISTS 1 FREELIST GROUPS 1 BUFFER_POOL DEFAULT FLASH_CACHE DEFAULT CELL_FLASH_CACHE DEFAULT)
  TABLESPACE "USERS"  ENABLE;
 
  ALTER TABLE "PET"."PET_MYPAGE" MODIFY ("PET_NAME" NOT NULL ENABLE);
 
  ALTER TABLE "PET"."PET_MYPAGE" MODIFY ("PET_SEX" NOT NULL ENABLE);
 
  ALTER TABLE "PET"."PET_MYPAGE" MODIFY ("PET_WALKAREA" NOT NULL ENABLE);
--------------------------------------------------------
--  Constraints for Table PRODUCT
--------------------------------------------------------

  ALTER TABLE "PET"."PRODUCT" ADD CONSTRAINT "PRODUCT_PK1" PRIMARY KEY ("PRODUCT_CODE")
  USING INDEX PCTFREE 10 INITRANS 2 MAXTRANS 255 COMPUTE STATISTICS 
  STORAGE(INITIAL 65536 NEXT 1048576 MINEXTENTS 1 MAXEXTENTS 2147483645
  PCTINCREASE 0 FREELISTS 1 FREELIST GROUPS 1 BUFFER_POOL DEFAULT FLASH_CACHE DEFAULT CELL_FLASH_CACHE DEFAULT)
  TABLESPACE "USERS"  ENABLE;
--------------------------------------------------------
--  Constraints for Table PRODUCT_OPTION
--------------------------------------------------------

  ALTER TABLE "PET"."PRODUCT_OPTION" MODIFY ("PRODUCT_CODE" NOT NULL ENABLE);
 
  ALTER TABLE "PET"."PRODUCT_OPTION" MODIFY ("PRODUCT_AMOUNT" NOT NULL ENABLE);
 
  ALTER TABLE "PET"."PRODUCT_OPTION" MODIFY ("PRODUCT_SIZE" NOT NULL ENABLE);
--------------------------------------------------------
--  Constraints for Table PRODUCT_PIC
--------------------------------------------------------

  ALTER TABLE "PET"."PRODUCT_PIC" ADD CONSTRAINT "PRODUCT_PIC_PK" PRIMARY KEY ("PRODUCT_IDX")
  USING INDEX PCTFREE 10 INITRANS 2 MAXTRANS 255 COMPUTE STATISTICS NOCOMPRESS LOGGING
  TABLESPACE "USERS"  ENABLE;
--------------------------------------------------------
--  Constraints for Table REVIEW
--------------------------------------------------------

  ALTER TABLE "PET"."REVIEW" ADD CONSTRAINT "REVIEW_PK" PRIMARY KEY ("REVIEW_NUMBER")
  USING INDEX PCTFREE 10 INITRANS 2 MAXTRANS 255 COMPUTE STATISTICS 
  STORAGE(INITIAL 65536 NEXT 1048576 MINEXTENTS 1 MAXEXTENTS 2147483645
  PCTINCREASE 0 FREELISTS 1 FREELIST GROUPS 1 BUFFER_POOL DEFAULT FLASH_CACHE DEFAULT CELL_FLASH_CACHE DEFAULT)
  TABLESPACE "USERS"  ENABLE;
 
  ALTER TABLE "PET"."REVIEW" MODIFY ("MEMBER_NUMBER" NOT NULL ENABLE);
 
  ALTER TABLE "PET"."REVIEW" MODIFY ("REVIEW_SUBJECT" NOT NULL ENABLE);
 
  ALTER TABLE "PET"."REVIEW" MODIFY ("REVIEW_MESSAGE" NOT NULL ENABLE);
 
  ALTER TABLE "PET"."REVIEW" MODIFY ("REVIEW_EMAIL" NOT NULL ENABLE);
 
  ALTER TABLE "PET"."REVIEW" MODIFY ("REVIEW_NUMBER" NOT NULL ENABLE);
 
  ALTER TABLE "PET"."REVIEW" MODIFY ("CATGO_CODE" NOT NULL ENABLE);
--------------------------------------------------------
--  Constraints for Table WALK
--------------------------------------------------------

  ALTER TABLE "PET"."WALK" ADD CONSTRAINT "WALK_PK" PRIMARY KEY ("WALK_IDX")
  USING INDEX PCTFREE 10 INITRANS 2 MAXTRANS 255 COMPUTE STATISTICS 
  STORAGE(INITIAL 65536 NEXT 1048576 MINEXTENTS 1 MAXEXTENTS 2147483645
  PCTINCREASE 0 FREELISTS 1 FREELIST GROUPS 1 BUFFER_POOL DEFAULT FLASH_CACHE DEFAULT CELL_FLASH_CACHE DEFAULT)
  TABLESPACE "USERS"  ENABLE;
--------------------------------------------------------
--  Constraints for Table WALK_CMT
--------------------------------------------------------

  ALTER TABLE "PET"."WALK_CMT" ADD CONSTRAINT "WALK_CMT_PK" PRIMARY KEY ("WALK_CMT_IDX")
  USING INDEX PCTFREE 10 INITRANS 2 MAXTRANS 255 COMPUTE STATISTICS 
  STORAGE(INITIAL 65536 NEXT 1048576 MINEXTENTS 1 MAXEXTENTS 2147483645
  PCTINCREASE 0 FREELISTS 1 FREELIST GROUPS 1 BUFFER_POOL DEFAULT FLASH_CACHE DEFAULT CELL_FLASH_CACHE DEFAULT)
  TABLESPACE "USERS"  ENABLE;
--------------------------------------------------------
--  Constraints for Table WALK_JOIN
--------------------------------------------------------

  ALTER TABLE "PET"."WALK_JOIN" ADD CONSTRAINT "WALK_JOIN_PK" PRIMARY KEY ("WALK_IDX")
  USING INDEX PCTFREE 10 INITRANS 2 MAXTRANS 255 COMPUTE STATISTICS 
  STORAGE(INITIAL 65536 NEXT 1048576 MINEXTENTS 1 MAXEXTENTS 2147483645
  PCTINCREASE 0 FREELISTS 1 FREELIST GROUPS 1 BUFFER_POOL DEFAULT FLASH_CACHE DEFAULT CELL_FLASH_CACHE DEFAULT)
  TABLESPACE "USERS"  ENABLE;
--------------------------------------------------------
--  Ref Constraints for Table BOARD
--------------------------------------------------------

  ALTER TABLE "PET"."BOARD" ADD CONSTRAINT "BOARD_FK1" FOREIGN KEY ("BOARD_IDX")
	  REFERENCES "PET"."BOARD_SEP" ("BOARD_IDX") ON DELETE CASCADE ENABLE;
 
  ALTER TABLE "PET"."BOARD" ADD CONSTRAINT "BOARD_FK2" FOREIGN KEY ("MEMBER_NUMBER")
	  REFERENCES "PET"."MEMBER" ("MEMBER_NUMBER") ON DELETE CASCADE ENABLE;
--------------------------------------------------------
--  Ref Constraints for Table BOARD_CMT
--------------------------------------------------------

  ALTER TABLE "PET"."BOARD_CMT" ADD CONSTRAINT "BOARD_CMT_FK1" FOREIGN KEY ("POST_IDX")
	  REFERENCES "PET"."BOARD" ("POST_IDX") ON DELETE CASCADE ENABLE;
 
  ALTER TABLE "PET"."BOARD_CMT" ADD CONSTRAINT "BOARD_CMT_FK2" FOREIGN KEY ("BOARD_IDX")
	  REFERENCES "PET"."BOARD_SEP" ("BOARD_IDX") ON DELETE CASCADE ENABLE;
 
  ALTER TABLE "PET"."BOARD_CMT" ADD CONSTRAINT "BOARD_CMT_FK3" FOREIGN KEY ("MEMBER_NUMBER")
	  REFERENCES "PET"."MEMBER" ("MEMBER_NUMBER") ON DELETE CASCADE ENABLE;
--------------------------------------------------------
--  Ref Constraints for Table BOARD_PIC
--------------------------------------------------------

  ALTER TABLE "PET"."BOARD_PIC" ADD CONSTRAINT "BOARD_PIC_FK1" FOREIGN KEY ("POST_IDX")
	  REFERENCES "PET"."BOARD" ("POST_IDX") ON DELETE CASCADE ENABLE;
 
  ALTER TABLE "PET"."BOARD_PIC" ADD CONSTRAINT "BOARD_PIC_FK2" FOREIGN KEY ("BOARD_IDX")
	  REFERENCES "PET"."BOARD_SEP" ("BOARD_IDX") ON DELETE CASCADE ENABLE;
--------------------------------------------------------
--  Ref Constraints for Table FOLLOW
--------------------------------------------------------

  ALTER TABLE "PET"."FOLLOW" ADD CONSTRAINT "FOLLOW_FK1" FOREIGN KEY ("MEMBER_NUMBER")
	  REFERENCES "PET"."MEMBER" ("MEMBER_NUMBER") ON DELETE CASCADE ENABLE;
 
  ALTER TABLE "PET"."FOLLOW" ADD CONSTRAINT "FOLLOW_FK2" FOREIGN KEY ("FOLLOW_NUMBER")
	  REFERENCES "PET"."MEMBER" ("MEMBER_NUMBER") ON DELETE CASCADE ENABLE;
--------------------------------------------------------
--  Ref Constraints for Table LIKELIST
--------------------------------------------------------

  ALTER TABLE "PET"."LIKELIST" ADD CONSTRAINT "LIKE_FK1" FOREIGN KEY ("MEMBER_NUMBER")
	  REFERENCES "PET"."MEMBER" ("MEMBER_NUMBER") ON DELETE CASCADE ENABLE;
 
  ALTER TABLE "PET"."LIKELIST" ADD CONSTRAINT "LIKE_FK2" FOREIGN KEY ("PRODUCT_CODE")
	  REFERENCES "PET"."PRODUCT" ("PRODUCT_CODE") ON DELETE CASCADE ENABLE;
--------------------------------------------------------
--  Ref Constraints for Table MESSAGE
--------------------------------------------------------

  ALTER TABLE "PET"."MESSAGE" ADD CONSTRAINT "MESSAGE_FK" FOREIGN KEY ("MEMBER_NUMBER")
	  REFERENCES "PET"."MEMBER" ("MEMBER_NUMBER") ON DELETE CASCADE ENABLE;
--------------------------------------------------------
--  Ref Constraints for Table ORDERLIST
--------------------------------------------------------

  ALTER TABLE "PET"."ORDERLIST" ADD CONSTRAINT "ORDER_FK1" FOREIGN KEY ("MEMBER_NUMBER")
	  REFERENCES "PET"."MEMBER" ("MEMBER_NUMBER") ON DELETE CASCADE ENABLE;
 
  ALTER TABLE "PET"."ORDERLIST" ADD CONSTRAINT "ORDER_FK2" FOREIGN KEY ("PRODUCT_CODE")
	  REFERENCES "PET"."PRODUCT" ("PRODUCT_CODE") ON DELETE CASCADE ENABLE;
--------------------------------------------------------
--  Ref Constraints for Table PAY
--------------------------------------------------------

  ALTER TABLE "PET"."PAY" ADD CONSTRAINT "PAY_FK1" FOREIGN KEY ("ORDER_CODE")
	  REFERENCES "PET"."ORDERLIST" ("ORDER_CODE") ON DELETE CASCADE ENABLE;
--------------------------------------------------------
--  Ref Constraints for Table PET_MYPAGE
--------------------------------------------------------

  ALTER TABLE "PET"."PET_MYPAGE" ADD CONSTRAINT "PET_MYPAGE_MEMBER_FK" FOREIGN KEY ("MEMBER_NUMBER")
	  REFERENCES "PET"."MEMBER" ("MEMBER_NUMBER") ON DELETE CASCADE ENABLE;
--------------------------------------------------------
--  Ref Constraints for Table PRODUCT
--------------------------------------------------------

  ALTER TABLE "PET"."PRODUCT" ADD CONSTRAINT "PRODUCT_FK" FOREIGN KEY ("CATGO_CODE")
	  REFERENCES "PET"."CATGO" ("CATGO_CODE") ON DELETE CASCADE ENABLE;
--------------------------------------------------------
--  Ref Constraints for Table PRODUCT_OPTION
--------------------------------------------------------

  ALTER TABLE "PET"."PRODUCT_OPTION" ADD CONSTRAINT "PRODUCT_OPTION_FK" FOREIGN KEY ("PRODUCT_CODE")
	  REFERENCES "PET"."PRODUCT" ("PRODUCT_CODE") ON DELETE CASCADE ENABLE;
--------------------------------------------------------
--  Ref Constraints for Table PRODUCT_PIC
--------------------------------------------------------

  ALTER TABLE "PET"."PRODUCT_PIC" ADD CONSTRAINT "PRODUCT_PIC_FK" FOREIGN KEY ("PRODUCT_CODE")
	  REFERENCES "PET"."PRODUCT" ("PRODUCT_CODE") ON DELETE CASCADE ENABLE;
--------------------------------------------------------
--  Ref Constraints for Table REVIEW
--------------------------------------------------------

  ALTER TABLE "PET"."REVIEW" ADD CONSTRAINT "REVIEW_FK" FOREIGN KEY ("CATGO_CODE")
	  REFERENCES "PET"."CATGO" ("CATGO_CODE") ON DELETE CASCADE ENABLE;
 
  ALTER TABLE "PET"."REVIEW" ADD CONSTRAINT "REVIEW_FK2" FOREIGN KEY ("MEMBER_NUMBER")
	  REFERENCES "PET"."MEMBER" ("MEMBER_NUMBER") ON DELETE CASCADE ENABLE;
--------------------------------------------------------
--  Ref Constraints for Table TAG
--------------------------------------------------------

  ALTER TABLE "PET"."TAG" ADD CONSTRAINT "TAG_FK1" FOREIGN KEY ("POST_IDX")
	  REFERENCES "PET"."BOARD" ("POST_IDX") ON DELETE CASCADE ENABLE;
 
  ALTER TABLE "PET"."TAG" ADD CONSTRAINT "TAG_FK2" FOREIGN KEY ("BOARD_IDX")
	  REFERENCES "PET"."BOARD_SEP" ("BOARD_IDX") ON DELETE CASCADE ENABLE;
--------------------------------------------------------
--  Ref Constraints for Table WALK
--------------------------------------------------------

  ALTER TABLE "PET"."WALK" ADD CONSTRAINT "WALK_FK" FOREIGN KEY ("MEMBER_NUMBER")
	  REFERENCES "PET"."MEMBER" ("MEMBER_NUMBER") ON DELETE CASCADE ENABLE;
--------------------------------------------------------
--  Ref Constraints for Table WALK_CMT
--------------------------------------------------------

  ALTER TABLE "PET"."WALK_CMT" ADD CONSTRAINT "WALK_CMT_FK1" FOREIGN KEY ("WALK_IDX")
	  REFERENCES "PET"."WALK" ("WALK_IDX") ON DELETE CASCADE ENABLE;
 
  ALTER TABLE "PET"."WALK_CMT" ADD CONSTRAINT "WALK_CMT_FK2" FOREIGN KEY ("MEMBER_NUMBER")
	  REFERENCES "PET"."MEMBER" ("MEMBER_NUMBER") ON DELETE CASCADE ENABLE;
--------------------------------------------------------
--  Ref Constraints for Table WALK_JOIN
--------------------------------------------------------

  ALTER TABLE "PET"."WALK_JOIN" ADD CONSTRAINT "WALK_JOIN_FK1" FOREIGN KEY ("WALK_IDX")
	  REFERENCES "PET"."WALK" ("WALK_IDX") ON DELETE CASCADE ENABLE;
 
  ALTER TABLE "PET"."WALK_JOIN" ADD CONSTRAINT "WALK_JOIN_FK2" FOREIGN KEY ("MEMBER_NUMBER")
	  REFERENCES "PET"."MEMBER" ("MEMBER_NUMBER") ON DELETE CASCADE ENABLE;
--------------------------------------------------------
--  Ref Constraints for Table WALK_LIKE
--------------------------------------------------------

  ALTER TABLE "PET"."WALK_LIKE" ADD CONSTRAINT "WALK_LIKE_FK" FOREIGN KEY ("MEMBER_NUMBER")
	  REFERENCES "PET"."MEMBER" ("MEMBER_NUMBER") ON DELETE CASCADE ENABLE;

--------------------------------------------------------
--  Table ORDERSU
--------------------------------------------------------
  CREATE TABLE ORDERSU
(
    PRODUCT_CODE     NUMBER          NOT NULL,
    ORDERSU_NAME     VARCHAR2(20)    NULL,
    ORDERSU_ADDR     VARCHAR2(40)    NULL,
    ORDERSU_EMAIL    VARCHAR2(20)    NULL
);

ALTER TABLE ORDERSU
    ADD CONSTRAINT FK_ORDERSU_PRODUCT_CODE_PRODUC FOREIGN KEY (PRODUCT_CODE)
        REFERENCES PRODUCT (PRODUCT_CODE);
INSERT INTO ORDERSU VALUES (2, '조성모', '서울시 마포구', 'dd@naver.com');
create sequence ordersu_seq start with 1 increment by 1;

